id,status,llm_output,prolog_output,golden_output,correct
s1_d_iv_neg,EXECUTION_ERROR,"```prolog
answer('s1_d_iv_neg', Result) :- s1_d('Alice', _, 2017, 28864, Tax), (Tax \== 5683 -> Result = true ; Result = false).
```",,,False
s3306_c_5_pos,EVALUATED,"```prolog
answer('s3306_c_5_pos', Result) :- (s3306_c_5(_, 'Alice', 'Bob', 2017) -> Result = true ; Result = false).
```",false,true,False
s1_c_i_neg,EXECUTION_ERROR,"```prolog
answer('s1_c_i_neg', Result) :- s1_c('Alice', _, 2017, 718791, Tax), (Tax \== 265413 -> Result = true ; Result = false).
```",,,False
s1_b_iii_neg,EXECUTION_ERROR,"```prolog
answer('s1_b_iii_neg', Result) :- s1_b('Alice', _, 2017, 54775, Tax), (Tax \== 11489 -> Result = true ; Result = false).
```",,,False
s152_d_2_F_pos,EXECUTION_ERROR,"```prolog
answer('s152_d_2_F_pos', Result) :- (s152_d_2_F('Alice', 'Bob', _) -> Result = true ; Result = false).
```",,,False
